1988,12,0.061
1989,1,0.065
1989,2,0.065
1989,3,0.065
1989,4,0.0691
1989,5,0.0691
1989,6,0.0691
1989,7,0.0701
1989,8,0.072
1989,9,0.0739
1989,10,0.0781
1989,11,0.0778
1989,12,0.0784
1990,1,0.0899
1990,2,0.0961
1990,3,0.0952
1990,4,0.0953
1990,5,0.0972
1990,6,0.0946
1990,7,0.09
1990,8,0.082
1990,9,0.0786
1990,10,0.0779
1990,11,0.0753
1990,12,0.0708
1991,1,0.0702
1991,2,0.0641
1991,3,0.0608
1991,4,0.0628
1991,5,0.0642
1991,6,0.0655
1991,7,0.0638
1991,8,0.0616
1991,9,0.0612
1991,10,0.0608
1991,11,0.0583
1991,12,0.0558
1992,1,0.058
1992,2,0.0634
1992,3,0.0637
1992,4,0.0645
1992,5,0.0663
1992,6,0.0648
1992,7,0.0631
1992,8,0.0649
1992,9,0.0729
1992,10,0.0706
1992,11,0.0768
1992,12,0.0765
1993,1,0.0767
1993,2,0.0762
1993,3,0.0761
1993,4,0.0755
1993,5,0.0771
1993,6,0.0751
1993,7,0.0712
1993,8,0.0679
1993,9,0.0654
1993,10,0.0656
1993,11,0.0661
1993,12,0.0654
1994,1,0.0647
1994,2,0.0629
1994,3,0.0627
1994,4,0.0624
1994,5,0.0621
1994,6,0.0625
1994,7,0.0619
1994,8,0.0624
1994,9,0.0612
1994,10,0.0612
1994,11,0.0605
1994,12,0.0598
1995,1,0.0602
1995,2,0.062
1995,3,0.0625
1995,4,0.0635
1995,5,0.0628
1995,6,0.0606
1995,7,0.0581
1995,8,0.0598
1995,9,0.0613
1995,10,0.0642
1995,11,0.0668
1995,12,0.0686
1996,1,0.0659
1996,2,0.0655
1996,3,0.0657
1996,4,0.0669
1996,5,0.0656
1996,6,0.0653
1996,7,0.0639
1996,8,0.0634
1996,9,0.0631
1996,10,0.0625
1996,11,0.062
1996,12,0.0618
1997,1,0.0619
1997,2,0.0628
1997,3,0.0626
1997,4,0.0629
1997,5,0.0637
1997,6,0.064
1997,7,0.0654
1997,8,0.066
1997,9,0.0671
1997,10,0.069
1997,11,0.069
1997,12,0.069
1998,1,0.0711
1998,2,0.0733
1998,3,0.0724
1998,4,0.0714
1998,5,0.0719
1998,6,0.0735
1998,7,0.0763
1998,8,0.0789
1998,9,0.0927
1998,10,0.087
1998,11,0.0762
1998,12,0.0744
1999,1,0.072
1999,2,0.0678
1999,3,0.0664
1999,4,0.0658
1999,5,0.0643
1999,6,0.0619
1999,7,0.0646
1999,8,0.0655
1999,9,0.0656
1999,10,0.0669
1999,11,0.0684
1999,12,0.0716
2000,1,0.0721
2000,2,0.0721
2000,3,0.069
2000,4,0.0686
2000,5,0.0695
2000,6,0.0695
2000,7,0.0668
2000,8,0.0646
2000,9,0.0653
2000,10,0.0649
2000,11,0.0642
2000,12,0.0618
2001,1,0.0595
2001,2,0.0558
2001,3,0.0533
2001,4,0.0535
2001,5,0.0539
2001,6,0.0562
2001,7,0.0554
2001,8,0.0574
2001,9,0.0556
2001,10,0.0532
2001,11,0.0514
2001,12,0.054
2002,1,0.0514
2002,2,0.049
2002,3,0.049
2002,4,0.0478
2002,5,0.0487
2002,6,0.0498
2002,7,0.0473
2002,8,0.0394
2002,9,0.0349
2002,10,0.0364
2002,11,0.0385
2002,12,0.0406
2003,1,0.0386
2003,2,0.0368
2003,3,0.0372
2003,4,0.0349
2003,5,0.0399
2003,6,0.041
2003,7,0.0414
2003,8,0.0387
2003,9,0.0363
2003,10,0.0382
2003,11,0.0391
2003,12,0.0415
2004,1,0.0394
2004,2,0.0371
2004,3,0.0346
2004,4,0.0369
2004,5,0.0354
2004,6,0.0367
2004,7,0.0334
2004,8,0.03
2004,9,0.0315
2004,10,0.0329
2004,11,0.0322
2004,12,0.0327
2005,1,0.0302
2005,2,0.03
2005,3,0.03
2005,4,0.03
2005,5,0.03
2005,6,0.03
2005,7,0.03
2005,8,0.03
2005,9,0.03
2005,10,0.033
2005,11,0.035
2005,12,0.0339
2006,1,0.0315
2006,2,0.0314
2006,3,0.0316
2006,4,0.0313
2006,5,0.0325
2006,6,0.0335
2006,7,0.0327
2006,8,0.0313
2006,9,0.0307
2006,10,0.03
2006,11,0.03
2006,12,0.03
2007,1,0.03
2007,2,0.03
2007,3,0.03
2007,4,0.03
2007,5,0.031
2007,6,0.033
2007,7,0.0324
2007,8,0.0313
2007,9,0.0306
2007,10,0.0315
2007,11,0.0306
2007,12,0.0318
2008,1,0.0318
2008,2,0.03
2008,3,0.03
2008,4,0.03
2008,5,0.0336
2008,6,0.0354
2008,7,0.0354
2008,8,0.0356
2008,9,0.0345
2008,10,0.0322
2008,11,0.032799999999999996
2008,12,0.032400000000000005
2009,1,0.03
2009,2,0.03
2009,3,0.03
2009,4,0.03
2009,5,0.0313
2009,6,0.0311
2009,7,0.03
2009,8,0.030899999999999997
2009,9,0.0301
2009,10,0.03
2009,11,0.0333
2009,12,0.0349
2010,1,0.0333
2010,2,0.0325
2010,3,0.032400000000000005
2010,4,0.0321
2010,5,0.030699999999999998
2010,6,0.0318
2010,7,0.0305
2010,8,0.03
2010,9,0.03
2010,10,0.0315
2010,11,0.0305
2010,12,0.03
2011,1,0.0324
2011,2,0.0325
2011,3,0.0301
2011,4,0.03
2011,5,0.03
2011,6,0.0306
2011,7,0.0301
2011,8,0.03
2011,9,0.03
2011,10,0.03
2011,11,0.03
2011,12,0.03
2012,1,0.03
2012,2,0.03
2012,3,0.03
2012,4,0.03
2012,5,0.03
2012,6,0.03
2012,7,0.03
2012,8,0.03
2012,9,0.03
2012,10,0.03
2012,11,0.03
2012,12,0.03
2013,1,0.0273
2013,2,0.0272
2013,3,0.0269
2013,4,0.0252
2013,5,0.0253
2013,6,0.0245
2013,7,0.0236
2013,8,0.0236
2013,9,0.0232
2013,10,0.0235
2013,11,0.0224
2013,12,0.0238
2014,1,0.0225
2014,2,0.0224
2014,3,0.0219
2014,4,0.0207
2014,5,0.0215
2014,6,0.0203
2014,7,0.0188
2014,8,0.0152
2014,9,0.0163
2014,10,0.0167
2014,11,0.0162
2014,12,0.016
2015,1,0.0151
2015,2,0.0137
2015,3,0.0136
2015,4,0.0153
2015,5,0.0162
2015,6,0.0178
2015,7,0.0159
2015,8,0.0147
2015,9,0.0161
2015,10,0.0158
2015,11,0.0168
2015,12,0.0175
2016,1,0.0165
2016,2,0.0154
2016,3,0.0153
2016,4,0.0159
2016,5,0.0157
2016,6,0.0161
2016,7,0.0152
2016,8,0.0144
2016,9,0.0144
2016,10,0.0136
2016,11,0.0166
2016,12,0.018
2017,1,0.0134
2017,2,0.0136
2017,3,0.0134
2017,4,0.0142
2017,5,0.0138
2017,6,0.0166
2017,7,0.0165
2017,8,0.0173
2017,9,0.0183
2017,10,0.0205
2017,11,0.0195
2017,12,0.0207
2018,1,0.0194
2018,2,0.0225
2018,3,0.0221
2018,4,0.0208
2018,5,0.0213
2018,6,0.0211
2018,7,0.0219
2018,8,0.0193
2018,9,0.02
2018,10,0.0207
2018,11,0.0193
2018,12,0.0191
2019,1,0.0181
2019,2,0.0177
2019,3,0.0158
2019,4,0.0142
2019,5,0.0136
2019,6,0.0118
2019,7,0.0106
2019,8,0.0022
2019,9,0.0022
2019,10,0.0032
2019,11,0.0118
2019,12,0.0084
2020,1,0.0056
2020,2,0.0079
2020,3,0.0067
2020,4,0.0066
2020,5,0.0
2020,6,0.0007
2020,7,0.0
2020,8,0.0
2020,9,0.0013
2020,10,0.0023
2020,11,0.0002
2020,12,0.005
2021,1,0.002
2021,2,0.0004
2021,3,0.0064
2021,4,0.0088
2021,5,0.0125
2021,6,0.0146
2021,7,0.019
2021,8,0.0181
2021,9,0.0214
2021,10,0.0302
2021,11,0.0242
2021,12,0.0233
2022,1,0.0234
2022,2,0.0222
2022,3,0.0188
2022,4,0.0205
2022,5,0.0205
2022,6,0.021
2022,7,0.0196
2022,8,0.0219
2022,9,0.0221
2022,10,0.0258
2022,11,0.019
2022,12,0.0169
2023,1,0.018
2023,2,0.0212
2023,3,0.019
2023,4,0.0181
2023,5,0.019
2023,6,0.0191
2023,7,0.0211
2023,8,0.0236
2023,9,0.0255
2023,10,0.0303
2023,11,0.0285
2023,12,0.0246
2024,1,0.0261
2024,2,0.0259
2024,3,0.0249
2024,4,0.0274
2024,5,0.0272
2024,6,0.029
2024,7,0.0286
2024,8,0.0248
2024,9,0.0197
2024,10,0.0222
2024,11,0.0235
2024,12,0.0223
2025,1,0.0268
2025,2,0.0251
2025,3,0.0255
2025,4,0.0243
2025,5,0.0256
2025,6,0.0261
2025,7,0.026
2025,8,0.0248
2025,9,0.0241
2025,10,0.0237
2025,11,0.0234
2025,12,0.0233
2026,1,0.0232
2026,2,0.0235
2026,3,0.022
2026,4,0.0216
2026,5,0.0236
2026,6,0.0253
