year,month,period,rate
2015,3,1,0.0169
2015,3,2,0.0169
2015,3,3,0.018067
2015,3,4,0.019233
2015,3,5,0.0204
2015,3,6,0.0212
2015,3,7,0.0218
2015,3,8,0.0223
2015,3,9,0.0228
2015,3,10,0.0233
2015,3,11,0.0237
2015,3,12,0.023943
2015,3,13,0.024186
2015,3,14,0.024429
2015,3,15,0.024671
2015,3,16,0.024914
2015,3,17,0.025157
2015,3,18,0.0254
2015,3,19,0.0256
2015,3,20,0.0258
2015,3,21,0.026
2015,3,22,0.0262
2015,3,23,0.0262
2015,3,24,0.0262
2015,3,25,0.0262
2015,4,1,0.0117
2015,4,2,0.0144
2015,4,3,0.0167
2015,4,4,0.0183
2015,4,5,0.0195
2015,4,6,0.0204
2015,4,7,0.0212
2015,4,8,0.0219
2015,4,9,0.0224
2015,4,10,0.0229
2015,4,11,0.0233
2015,4,12,0.0237
2015,4,13,0.024
2015,4,14,0.0243
2015,4,15,0.0245
2015,4,16,0.0248
2015,4,17,0.025
2015,4,18,0.0252
2015,4,19,0.0254
2015,4,20,0.0256
2015,4,21,0.0258
2015,4,22,0.0259
2015,4,23,0.0261
2015,4,24,0.0263
2015,4,25,0.0264
2015,5,1,0.012
2015,5,2,0.015
2015,5,3,0.0171
2015,5,4,0.0187
2015,5,5,0.0199
2015,5,6,0.0209
2015,5,7,0.02165
2015,5,8,0.0224
2015,5,9,0.02295
2015,5,10,0.0235
2015,5,11,0.0239
2015,5,12,0.0243
2015,5,13,0.0246
2015,5,14,0.0249
2015,5,15,0.0251
2015,5,16,0.0253
2015,5,17,0.0256
2015,5,18,0.0258
2015,5,19,0.0259
2015,5,20,0.0261
2015,5,21,0.0263
2015,5,22,0.0264
2015,5,23,0.0266
2015,5,24,0.0267
2015,5,25,0.0268
2015,6,1,0.014
2015,6,2,0.0165
2015,6,3,0.0183
2015,6,4,0.0199
2015,6,5,0.0211
2015,6,6,0.0222
2015,6,7,0.023
2015,6,8,0.0237
2015,6,9,0.0243
2015,6,10,0.0248
2015,6,11,0.0252
2015,6,12,0.0256
2015,6,13,0.0259
2015,6,14,0.0261
2015,6,15,0.0264
2015,6,16,0.0266
2015,6,17,0.0268
2015,6,18,0.027
2015,6,19,0.0271
2015,6,20,0.0273
2015,6,21,0.0274
2015,6,22,0.0276
2015,6,23,0.0277
2015,6,24,0.0278
2015,6,25,0.028
2015,7,1,0.0142
2015,7,2,0.0162
2015,7,3,0.0182
2015,7,4,0.0199
2015,7,5,0.02125
2015,7,6,0.0226
2015,7,7,0.0235
2015,7,8,0.0244
2015,7,9,0.0252
2015,7,10,0.0258
2015,7,11,0.0263
2015,7,12,0.0267
2015,7,13,0.0271
2015,7,14,0.0274
2015,7,15,0.0276
2015,7,16,0.0279
2015,7,17,0.0281
2015,7,18,0.0283
2015,7,19,0.0285
2015,7,20,0.0286
2015,7,21,0.0288
2015,7,22,0.02895
2015,7,23,0.0291
2015,7,24,0.0292
2015,7,25,0.0293
2015,8,1,0.0119
2015,8,2,0.015
2015,8,3,0.0169
2015,8,4,0.0188
2015,8,5,0.0206
2015,8,6,0.022
2015,8,7,0.02305
2015,8,8,0.0241
2015,8,9,0.025
2015,8,10,0.0256
2015,8,11,0.0262
2015,8,12,0.0267
2015,8,13,0.0271
2015,8,14,0.0275
2015,8,15,0.0278
2015,8,16,0.0281
2015,8,17,0.0283
2015,8,18,0.0286
2015,8,19,0.0288
2015,8,20,0.029
2015,8,21,0.0291
2015,8,22,0.0293
2015,8,23,0.0294
2015,8,24,0.0295
2015,8,25,0.0297
2015,9,1,0.0103
2015,9,2,0.0143
2015,9,3,0.0163
2015,9,4,0.0184
2015,9,5,0.0203
2015,9,6,0.0218
2015,9,7,0.0231
2015,9,8,0.0241
2015,9,9,0.025
2015,9,10,0.0257
2015,9,11,0.0263
2015,9,12,0.02675
2015,9,13,0.0272
2015,9,14,0.0276
2015,9,15,0.0279
2015,9,16,0.0281
2015,9,17,0.0284
2015,9,18,0.0286
2015,9,19,0.0288
2015,9,20,0.029
2015,9,21,0.0291
2015,9,22,0.0293
2015,9,23,0.0294
2015,9,24,0.0295
2015,9,25,0.0296
2015,10,1,0.0118
2015,10,2,0.0153
2015,10,3,0.017
2015,10,4,0.0188
2015,10,5,0.0205
2015,10,6,0.0218
2015,10,7,0.0228
2015,10,8,0.0238
2015,10,9,0.0246
2015,10,10,0.0252
2015,10,11,0.0258
2015,10,12,0.0262
2015,10,13,0.0266
2015,10,14,0.027
2015,10,15,0.0273
2015,10,16,0.0276
2015,10,17,0.0278
2015,10,18,0.028
2015,10,19,0.0282
2015,10,20,0.0284
2015,10,21,0.02855
2015,10,22,0.0287
2015,10,23,0.0289
2015,10,24,0.029
2015,10,25,0.0292
2015,11,1,0.0163
2015,11,2,0.0183
2015,11,3,0.0194
2015,11,4,0.0207
2015,11,5,0.0219
2015,11,6,0.023
2015,11,7,0.0238
2015,11,8,0.0246
2015,11,9,0.0252
2015,11,10,0.0258
2015,11,11,0.0263
2015,11,12,0.0267
2015,11,13,0.027
2015,11,14,0.0274
2015,11,15,0.0277
2015,11,16,0.02795
2015,11,17,0.0282
2015,11,18,0.0284
2015,11,19,0.0286
2015,11,20,0.0288
2015,11,21,0.029
2015,11,22,0.0292
2015,11,23,0.0293
2015,11,24,0.0295
2015,11,25,0.0297
2015,12,1,0.0198
2015,12,2,0.0211
2015,12,3,0.0216
2015,12,4,0.0224
2015,12,5,0.0232
2015,12,6,0.0239
2015,12,7,0.0246
2015,12,8,0.0253
2015,12,9,0.0258
2015,12,10,0.0263
2015,12,11,0.0268
2015,12,12,0.0272
2015,12,13,0.0275
2015,12,14,0.0279
2015,12,15,0.0282
2015,12,16,0.0285
2015,12,17,0.0287
2015,12,18,0.029
2015,12,19,0.0293
2015,12,20,0.0295
2015,12,21,0.0297
2015,12,22,0.0299
2015,12,23,0.0301
2015,12,24,0.0303
2015,12,25,0.0305
2016,1,1,0.02
2016,1,2,0.0217
2016,1,3,0.0225
2016,1,4,0.0233
2016,1,5,0.0238
2016,1,6,0.0246
2016,1,7,0.0252
2016,1,8,0.0258
2016,1,9,0.0264
2016,1,10,0.0268
2016,1,11,0.0273
2016,1,12,0.0277
2016,1,13,0.028
2016,1,14,0.0284
2016,1,15,0.0287
2016,1,16,0.029
2016,1,17,0.0293
2016,1,18,0.0295
2016,1,19,0.0298
2016,1,20,0.03
2016,1,21,0.0302
2016,1,22,0.0305
2016,1,23,0.0307
2016,1,24,0.0309
2016,1,25,0.031
2016,2,1,0.0204
2016,2,2,0.0204
2016,2,3,0.02125
2016,2,4,0.0221
2016,2,5,0.023
2016,2,6,0.0237
2016,2,7,0.0244
2016,2,8,0.025
2016,2,9,0.0256
2016,2,10,0.0261
2016,2,11,0.0265
2016,2,12,0.0269
2016,2,13,0.0273
2016,2,14,0.0277
2016,2,15,0.028
2016,2,16,0.0283
2016,2,17,0.0286
2016,2,18,0.0289
2016,2,19,0.02915
2016,2,20,0.0294
2016,2,21,0.0296
2016,2,22,0.0298
2016,2,23,0.03
2016,2,24,0.0302
2016,2,25,0.0304
2016,3,1,0.017
2016,3,2,0.0192
2016,3,3,0.0203
2016,3,4,0.0212
2016,3,5,0.022
2016,3,6,0.0227
2016,3,7,0.0234
2016,3,8,0.024
2016,3,9,0.0245
2016,3,10,0.025
2016,3,11,0.0254
2016,3,12,0.0258
2016,3,13,0.0262
2016,3,14,0.0265
2016,3,15,0.0268
2016,3,16,0.0271
2016,3,17,0.0274
2016,3,18,0.0277
2016,3,19,0.028
2016,3,20,0.0282
2016,3,21,0.0284
2016,3,22,0.0287
2016,3,23,0.0289
2016,3,24,0.0291
2016,3,25,0.0293
2016,4,1,0.0172
2016,4,2,0.0191
2016,4,3,0.02
2016,4,4,0.0208
2016,4,5,0.0215
2016,4,6,0.02205
2016,4,7,0.0226
2016,4,8,0.0232
2016,4,9,0.0236
2016,4,10,0.0241
2016,4,11,0.02445
2016,4,12,0.0248
2016,4,13,0.0252
2016,4,14,0.0255
2016,4,15,0.0258
2016,4,16,0.0261
2016,4,17,0.0263
2016,4,18,0.0266
2016,4,19,0.0268
2016,4,20,0.0271
2016,4,21,0.0273
2016,4,22,0.0275
2016,4,23,0.0277
2016,4,24,0.0279
2016,4,25,0.0281
2016,5,1,0.0178
2016,5,2,0.0248
2016,5,3,0.0201
2016,5,4,0.0209
2016,5,5,0.0215
2016,5,6,0.0257
2016,5,7,0.0227
2016,5,8,0.0233
2016,5,9,0.0237
2016,5,10,0.0241
2016,5,11,0.024425
2016,5,12,0.02475
2016,5,13,0.025075
2016,5,14,0.0254
2016,5,15,0.0257
2016,5,16,0.026
2016,5,17,0.0262
2016,5,18,0.0264
2016,5,19,0.0267
2016,5,20,0.0269
2016,5,21,0.0271
2016,5,22,0.0272
2016,5,23,0.0274
2016,5,24,0.0276
2016,5,25,0.0278
2016,6,1,0.0188
2016,6,2,0.0188
2016,6,3,0.0196
2016,6,4,0.0204
2016,6,5,0.0212
2016,6,6,0.0219
2016,6,7,0.0226
2016,6,8,0.02315
2016,6,9,0.0237
2016,6,10,0.0242
2016,6,11,0.0246
2016,6,12,0.025
2016,6,13,0.0253
2016,6,14,0.0256
2016,6,15,0.0259
2016,6,16,0.0262
2016,6,17,0.0265
2016,6,18,0.0267
2016,6,19,0.0269
2016,6,20,0.0271
2016,6,21,0.0273
2016,6,22,0.0275
2016,6,23,0.0276
2016,6,24,0.0278
2016,6,25,0.0279
2016,7,1,0.0169
2016,7,2,0.0183
2016,7,3,0.0191
2016,7,4,0.0199
2016,7,5,0.0207
2016,7,6,0.0214
2016,7,7,0.0221
2016,7,8,0.0228
2016,7,9,0.0234
2016,7,10,0.024
2016,7,11,0.0244
2016,7,12,0.0249
2016,7,13,0.0253
2016,7,14,0.0257
2016,7,15,0.026
2016,7,16,0.0263
2016,7,17,0.0266
2016,7,18,0.0269
2016,7,19,0.0271
2016,7,20,0.0273
2016,7,21,0.0275
2016,7,22,0.0276
2016,7,23,0.0278
2016,7,24,0.0279
2016,7,25,0.0281
2016,8,1,0.0173
2016,8,2,0.018
2016,8,3,0.0185
2016,8,4,0.0191
2016,8,5,0.0198
2016,8,6,0.0205
2016,8,7,0.0259
2016,8,8,0.0218
2016,8,9,0.0225
2016,8,10,0.023
2016,8,11,0.0236
2016,8,12,0.0241
2016,8,13,0.0245
2016,8,14,0.0249
2016,8,15,0.0253
2016,8,16,0.0256
2016,8,17,0.0259
2016,8,18,0.0262
2016,8,19,0.0264
2016,8,20,0.0267
2016,8,21,0.0269
2016,8,22,0.027
2016,8,23,0.0272
2016,8,24,0.0273
2016,8,25,0.0274
2016,9,1,0.0174
2016,9,2,0.0178
2016,9,3,0.0179
2016,9,4,0.0184
2016,9,5,0.0189
2016,9,6,0.0195
2016,9,7,0.0246
2016,9,8,0.0208
2016,9,9,0.0213
2016,9,10,0.0218
2016,9,11,0.0223
2016,9,12,0.0228
2016,9,13,0.0232
2016,9,14,0.0236
2016,9,15,0.024
2016,9,16,0.0243
2016,9,17,0.02455
2016,9,18,0.0248
2016,9,19,0.0251
2016,9,20,0.0253
2016,9,21,0.0255
2016,9,22,0.0257
2016,9,23,0.0258
2016,9,24,0.026
2016,9,25,0.0261
2016,10,1,0.0173
2016,10,2,0.0174
2016,10,3,0.0174
2016,10,4,0.0195
2016,10,5,0.0183
2016,10,6,0.0189
2016,10,7,0.019467
2016,10,8,0.020033
2016,10,9,0.0206
2016,10,10,0.02105
2016,10,11,0.0215
2016,10,12,0.022
2016,10,13,0.0224
2016,10,14,0.0227
2016,10,15,0.023
2016,10,16,0.0234
2016,10,17,0.0236
2016,10,18,0.0239
2016,10,19,0.0241
2016,10,20,0.0243
2016,10,21,0.0245
2016,10,22,0.0247
2016,10,23,0.0248
2016,10,24,0.0249
2016,10,25,0.0251
2016,11,1,0.0193
2016,11,2,0.0191
2016,11,3,0.0189
2016,11,4,0.0191
2016,11,5,0.0195
2016,11,6,0.02
2016,11,7,0.0205
2016,11,8,0.021
2016,11,9,0.0215
2016,11,10,0.0219
2016,11,11,0.0223
2016,11,12,0.0227
2016,11,13,0.0231
2016,11,14,0.0234
2016,11,15,0.0237
2016,11,16,0.024
2016,11,17,0.0242
2016,11,18,0.0244
2016,11,19,0.0246
2016,11,20,0.0248
2016,11,21,0.025
2016,11,22,0.0251
2016,11,23,0.0252
2016,11,24,0.0254
2016,11,25,0.0255
2016,12,1,0.0203
2016,12,2,0.0203
2016,12,3,0.0201
2016,12,4,0.0202
2016,12,5,0.0206
2016,12,6,0.0211
2016,12,7,0.0216
2016,12,8,0.0221
2016,12,9,0.0226
2016,12,10,0.0231
2016,12,11,0.02355
2016,12,12,0.024
2016,12,13,0.02435
2016,12,14,0.0247
2016,12,15,0.025
2016,12,16,0.0253
2016,12,17,0.0256
2016,12,18,0.0259
2016,12,19,0.0261
2016,12,20,0.0263
2016,12,21,0.0265
2016,12,22,0.0266
2016,12,23,0.0267
2016,12,24,0.0269
2016,12,25,0.027
2017,1,1,0.0197
2017,1,2,0.0197
2017,1,3,0.0197
2017,1,4,0.0199
2017,1,5,0.0204
2017,1,6,0.0209
2017,1,7,0.0215
2017,1,8,0.022
2017,1,9,0.0226
2017,1,10,0.0231
2017,1,11,0.0236
2017,1,12,0.0241
2017,1,13,0.0245
2017,1,14,0.0249
2017,1,15,0.0252
2017,1,16,0.0255
2017,1,17,0.0258
2017,1,18,0.0261
2017,1,19,0.0264
2017,1,20,0.0266
2017,1,21,0.0268
2017,1,22,0.0269
2017,1,23,0.0271
2017,1,24,0.0272
2017,1,25,0.0273
2017,2,1,0.0152
2017,2,2,0.016
2017,2,3,0.0167
2017,2,4,0.0174
2017,2,5,0.0181
2017,2,6,0.0188
2017,2,7,0.0247
2017,2,8,0.0202
2017,2,9,0.0209
2017,2,10,0.0215
2017,2,11,0.0221
2017,2,12,0.0226
2017,2,13,0.0231
2017,2,14,0.0236
2017,2,15,0.024
2017,2,16,0.0244
2017,2,17,0.0247
2017,2,18,0.025
2017,2,19,0.0253
2017,2,20,0.0256
2017,2,21,0.0258
2017,2,22,0.026
2017,2,23,0.0262
2017,2,24,0.0264
2017,2,25,0.0265
2017,3,1,0.0122
2017,3,2,0.0132
2017,3,3,0.0143
2017,3,4,0.0153
2017,3,5,0.0162
2017,3,6,0.0171
2017,3,7,0.0179
2017,3,8,0.0187
2017,3,9,0.0194
2017,3,10,0.0201
2017,3,11,0.0207
2017,3,12,0.0213
2017,3,13,0.0218
2017,3,14,0.0223
2017,3,15,0.0227
2017,3,16,0.0232
2017,3,17,0.0235
2017,3,18,0.0239
2017,3,19,0.0242
2017,3,20,0.0244
2017,3,21,0.0247
2017,3,22,0.0249
2017,3,23,0.0251
2017,3,24,0.0253
2017,3,25,0.0254
2017,4,1,0.0101
2017,4,2,0.0114
2017,4,3,0.0129
2017,4,4,0.014
2017,4,5,0.0151
2017,4,6,0.0161
2017,4,7,0.017
2017,4,8,0.0179
2017,4,9,0.0187
2017,4,10,0.0194
2017,4,11,0.0201
2017,4,12,0.0207
2017,4,13,0.0212
2017,4,14,0.0217
2017,4,15,0.0222
2017,4,16,0.0227
2017,4,17,0.023
2017,4,18,0.0234
2017,4,19,0.0237
2017,4,20,0.024
2017,4,21,0.0243
2017,4,22,0.0245
2017,4,23,0.0247
2017,4,24,0.0249
2017,4,25,0.0251
2017,5,1,0.0095
2017,5,2,0.011
2017,5,3,0.0126
2017,5,4,0.0139
2017,5,5,0.015
2017,5,6,0.016
2017,5,7,0.0169
2017,5,8,0.0178
2017,5,9,0.0186
2017,5,10,0.0193
2017,5,11,0.02
2017,5,12,0.0207
2017,5,13,0.02125
2017,5,14,0.0218
2017,5,15,0.0223
2017,5,16,0.0227
2017,5,17,0.0231
2017,5,18,0.0235
2017,5,19,0.0238
2017,5,20,0.0241
2017,5,21,0.0244
2017,5,22,0.0247
2017,5,23,0.0249
2017,5,24,0.0251
2017,5,25,0.0252
2017,6,1,0.0109
2017,6,2,0.0109
2017,6,3,0.0127
2017,6,4,0.0139
2017,6,5,0.015
2017,6,6,0.0159
2017,6,7,0.0168
2017,6,8,0.0176
2017,6,9,0.0184
2017,6,10,0.0191
2017,6,11,0.0197
2017,6,12,0.0204
2017,6,13,0.0209
2017,6,14,0.0215
2017,6,15,0.0219
2017,6,16,0.0224
2017,6,17,0.0228
2017,6,18,0.0232
2017,6,19,0.0235
2017,6,20,0.0238
2017,6,21,0.0241
2017,6,22,0.0243
2017,6,23,0.0245
2017,6,24,0.0247
2017,6,25,0.0249
2017,7,1,0.0102
2017,7,2,0.0122
2017,7,3,0.014
2017,7,4,0.0152
2017,7,5,0.0161
2017,7,6,0.017
2017,7,7,0.0179
2017,7,8,0.0187
2017,7,9,0.0194
2017,7,10,0.0201
2017,7,11,0.0207
2017,7,12,0.0213
2017,7,13,0.0219
2017,7,14,0.0224
2017,7,15,0.0228
2017,7,16,0.0232
2017,7,17,0.0236
2017,7,18,0.024
2017,7,19,0.0243
2017,7,20,0.0246
2017,7,21,0.0248
2017,7,22,0.025
2017,7,23,0.0252
2017,7,24,0.0254
2017,7,25,0.0256
2017,8,1,0.0104
2017,8,2,0.0127
2017,8,3,0.0144
2017,8,4,0.0156
2017,8,5,0.0166
2017,8,6,0.0176
2017,8,7,0.0185
2017,8,8,0.0194
2017,8,9,0.0202
2017,8,10,0.0209
2017,8,11,0.0216
2017,8,12,0.0222
2017,8,13,0.0227
2017,8,14,0.0232
2017,8,15,0.0237
2017,8,16,0.0241
2017,8,17,0.0245
2017,8,18,0.0248
2017,8,19,0.0251
2017,8,20,0.0254
2017,8,21,0.0256
2017,8,22,0.0258
2017,8,23,0.026
2017,8,24,0.0262
2017,8,25,0.0263
2017,9,1,0.0109
2017,9,2,0.0132
2017,9,3,0.0147
2017,9,4,0.0158
2017,9,5,0.0169
2017,9,6,0.018
2017,9,7,0.019
2017,9,8,0.02
2017,9,9,0.0209
2017,9,10,0.02165
2017,9,11,0.0224
2017,9,12,0.0231
2017,9,13,0.0237
2017,9,14,0.0242
2017,9,15,0.0247
2017,9,16,0.0251
2017,9,17,0.0255
2017,9,18,0.0258
2017,9,19,0.0261
2017,9,20,0.0264
2017,9,21,0.0266
2017,9,22,0.0268
2017,9,23,0.027
2017,9,24,0.0271
2017,9,25,0.0273
2017,10,1,0.0121
2017,10,2,0.0145
2017,10,3,0.0159
2017,10,4,0.0169
2017,10,5,0.0179
2017,10,6,0.0189
2017,10,7,0.0199
2017,10,8,0.0208
2017,10,9,0.0217
2017,10,10,0.0225
2017,10,11,0.0233
2017,10,12,0.024
2017,10,13,0.0246
2017,10,14,0.0251
2017,10,15,0.0256
2017,10,16,0.0261
2017,10,17,0.0265
2017,10,18,0.0269
2017,10,19,0.0272
2017,10,20,0.0275
2017,10,21,0.0277
2017,10,22,0.028
2017,10,23,0.0282
2017,10,24,0.0284
2017,10,25,0.0285
2017,11,1,0.024
2017,11,2,0.0157
2017,11,3,0.0172
2017,11,4,0.0182
2017,11,5,0.0191
2017,11,6,0.0199
2017,11,7,0.0208
2017,11,8,0.0217
2017,11,9,0.0225
2017,11,10,0.0232
2017,11,11,0.02395
2017,11,12,0.0247
2017,11,13,0.0253
2017,11,14,0.0259
2017,11,15,0.0264
2017,11,16,0.0269
2017,11,17,0.0273
2017,11,18,0.0278
2017,11,19,0.0281
2017,11,20,0.0285
2017,11,21,0.0288
2017,11,22,0.029
2017,11,23,0.0293
2017,11,24,0.0295
2017,11,25,0.0297
2017,12,1,0.0128
2017,12,2,0.0167
2017,12,3,0.0186
2017,12,4,0.0197
2017,12,5,0.0206
2017,12,6,0.0214
2017,12,7,0.0222
2017,12,8,0.0229
2017,12,9,0.0236
2017,12,10,0.0243
2017,12,11,0.025
2017,12,12,0.0257
2017,12,13,0.0263
2017,12,14,0.0269
2017,12,15,0.0274
2017,12,16,0.0279
2017,12,17,0.0284
2017,12,18,0.0288
2017,12,19,0.0292
2017,12,20,0.0295
2017,12,21,0.0298
2017,12,22,0.0301
2017,12,23,0.0304
2017,12,24,0.0306
2017,12,25,0.0308
2018,1,1,0.0106
2018,1,2,0.01415
2018,1,3,0.0177
2018,1,4,0.0191
2018,1,5,0.0202
2018,1,6,0.0212
2018,1,7,0.022
2018,1,8,0.0228
2018,1,9,0.0236
2018,1,10,0.0243
2018,1,11,0.025
2018,1,12,0.0256
2018,1,13,0.0262
2018,1,14,0.0268
2018,1,15,0.0273
2018,1,16,0.0278
2018,1,17,0.0283
2018,1,18,0.0287
2018,1,19,0.0291
2018,1,20,0.0294
2018,1,21,0.0297
2018,1,22,0.03
2018,1,23,0.0303
2018,1,24,0.0305
2018,1,25,0.0307
2018,2,1,0.0097
2018,2,2,0.014
2018,2,3,0.0167
2018,2,4,0.0184
2018,2,5,0.0236
2018,2,6,0.0209
2018,2,7,0.0219
2018,2,8,0.0228
2018,2,9,0.0236
2018,2,10,0.0244
2018,2,11,0.0251
2018,2,12,0.0258
2018,2,13,0.0264
2018,2,14,0.027
2018,2,15,0.0275
2018,2,16,0.028
2018,2,17,0.0284
2018,2,18,0.0288
2018,2,19,0.0292
2018,2,20,0.0295
2018,2,21,0.0298
2018,2,22,0.03
2018,2,23,0.0303
2018,2,24,0.0305
2018,2,25,0.0306
2018,3,1,0.0093
2018,3,2,0.0126
2018,3,3,0.0152
2018,3,4,0.017
2018,3,5,0.0185
2018,3,6,0.0198
2018,3,7,0.0209
2018,3,8,0.022
2018,3,9,0.0229
2018,3,10,0.0237
2018,3,11,0.0245
2018,3,12,0.0252
2018,3,13,0.0258
2018,3,14,0.0264
2018,3,15,0.0269
2018,3,16,0.0274
2018,3,17,0.0278
2018,3,18,0.0282
2018,3,19,0.0286
2018,3,20,0.0289
2018,3,21,0.0292
2018,3,22,0.0294
2018,3,23,0.0296
2018,3,24,0.0298
2018,3,25,0.03
2018,4,1,0.0088
2018,4,2,0.0119
2018,4,3,0.0143
2018,4,4,0.016
2018,4,5,0.0175
2018,4,6,0.0189
2018,4,7,0.0201
2018,4,8,0.0211
2018,4,9,0.0221
2018,4,10,0.023
2018,4,11,0.0237
2018,4,12,0.0245
2018,4,13,0.0251
2018,4,14,0.0257
2018,4,15,0.0262
2018,4,16,0.0267
2018,4,17,0.0272
2018,4,18,0.0276
2018,4,19,0.0279
2018,4,20,0.0282
2018,4,21,0.0285
2018,4,22,0.0288
2018,4,23,0.029
2018,4,24,0.0292
2018,4,25,0.0294
2018,5,1,0.0082
2018,5,2,0.0118
2018,5,3,0.0142
2018,5,4,0.0159
2018,5,5,0.0173
2018,5,6,0.0186
2018,5,7,0.01965
2018,5,8,0.0207
2018,5,9,0.0216
2018,5,10,0.0225
2018,5,11,0.0232
2018,5,12,0.0239
2018,5,13,0.0246
2018,5,14,0.0252
2018,5,15,0.0257
2018,5,16,0.0262
2018,5,17,0.0266
2018,5,18,0.027
2018,5,19,0.0273
2018,5,20,0.0276
2018,5,21,0.0279
2018,5,22,0.0282
2018,5,23,0.0284
2018,5,24,0.0286
2018,5,25,0.0288
2018,6,1,0.0067
2018,6,2,0.0113
2018,6,3,0.0139
2018,6,4,0.0156
2018,6,5,0.0169
2018,6,6,0.0181
2018,6,7,0.0192
2018,6,8,0.0202
2018,6,9,0.0211
2018,6,10,0.0219
2018,6,11,0.0227
2018,6,12,0.0234
2018,6,13,0.024
2018,6,14,0.0246
2018,6,15,0.0252
2018,6,16,0.0257
2018,6,17,0.0261
2018,6,18,0.0265
2018,6,19,0.0269
2018,6,20,0.0272
2018,6,21,0.0275
2018,6,22,0.0278
2018,6,23,0.028
2018,6,24,0.0283
2018,6,25,0.0284
2018,7,1,0.0108
2018,7,2,0.0108
2018,7,3,0.0136
2018,7,4,0.0153
2018,7,5,0.0167
2018,7,6,0.0178
2018,7,7,0.0189
2018,7,8,0.0199
2018,7,9,0.0208
2018,7,10,0.0216
2018,7,11,0.0224
2018,7,12,0.0231
2018,7,13,0.0238
2018,7,14,0.0244
2018,7,15,0.025
2018,7,16,0.0255
2018,7,17,0.026
2018,7,18,0.0264
2018,7,19,0.0268
2018,7,20,0.0272
2018,7,21,0.0275
2018,7,22,0.0278
2018,7,23,0.028
2018,7,24,0.0282
2018,7,25,0.0284
2018,8,1,0.005
2018,8,2,0.0102
2018,8,3,0.0129
2018,8,4,0.0146
2018,8,5,0.0159
2018,8,6,0.0171
2018,8,7,0.0182
2018,8,8,0.0192
2018,8,9,0.0201
2018,8,10,0.0209
2018,8,11,0.0217
2018,8,12,0.0225
2018,8,13,0.0232
2018,8,14,0.0238
2018,8,15,0.0244
2018,8,16,0.025
2018,8,17,0.0255
2018,8,18,0.026
2018,8,19,0.0264
2018,8,20,0.0267
2018,8,21,0.0271
2018,8,22,0.0274
2018,8,23,0.0277
2018,8,24,0.0279
2018,8,25,0.0281
2018,9,1,0.0047
2018,9,2,0.0101
2018,9,3,0.0127
2018,9,4,0.0144
2018,9,5,0.0157
2018,9,6,0.0169
2018,9,7,0.018
2018,9,8,0.019
2018,9,9,0.0199
2018,9,10,0.0208
2018,9,11,0.0216
2018,9,12,0.0223
2018,9,13,0.023
2018,9,14,0.0237
2018,9,15,0.0243
2018,9,16,0.0248
2018,9,17,0.0253
2018,9,18,0.0258
2018,9,19,0.0262
2018,9,20,0.0266
2018,9,21,0.0269
2018,9,22,0.0272
2018,9,23,0.0275
2018,9,24,0.0277
2018,9,25,0.028
2018,10,1,0.0052
2018,10,2,0.0108
2018,10,3,0.0132
2018,10,4,0.0148
2018,10,5,0.016
2018,10,6,0.0172
2018,10,7,0.0182
2018,10,8,0.0191
2018,10,9,0.02
2018,10,10,0.0209
2018,10,11,0.0217
2018,10,12,0.0224
2018,10,13,0.0231
2018,10,14,0.0237
2018,10,15,0.0243
2018,10,16,0.0248
2018,10,17,0.0253
2018,10,18,0.0258
2018,10,19,0.0262
2018,10,20,0.0265
2018,10,21,0.0269
2018,10,22,0.0272
2018,10,23,0.0274
2018,10,24,0.0277
2018,10,25,0.0279
2018,11,1,0.0079
2018,11,2,0.0128
2018,11,3,0.0147
2018,11,4,0.0159
2018,11,5,0.0169
2018,11,6,0.018
2018,11,7,0.0189
2018,11,8,0.0199
2018,11,9,0.0207
2018,11,10,0.0215
2018,11,11,0.0223
2018,11,12,0.023
2018,11,13,0.0236
2018,11,14,0.0242
2018,11,15,0.0247
2018,11,16,0.0252
2018,11,17,0.0256
2018,11,18,0.026
2018,11,19,0.0263
2018,11,20,0.0266
2018,11,21,0.0269
2018,11,22,0.0272
2018,11,23,0.0274
2018,11,24,0.0276
2018,11,25,0.0278
2018,12,1,0.0111
2018,12,2,0.0147
2018,12,3,0.0159
2018,12,4,0.0167
2018,12,5,0.0175
2018,12,6,0.0184
2018,12,7,0.0193
2018,12,8,0.0202
2018,12,9,0.021
2018,12,10,0.0217
2018,12,11,0.0224
2018,12,12,0.023
2018,12,13,0.0236
2018,12,14,0.0241
2018,12,15,0.0246
2018,12,16,0.025
2018,12,17,0.0254
2018,12,18,0.0257
2018,12,19,0.026
2018,12,20,0.0263
2018,12,21,0.0266
2018,12,22,0.0268
2018,12,23,0.027
2018,12,24,0.0271
2018,12,25,0.0273
2019,1,1,0.0136
2019,1,2,0.0158
2019,1,3,0.0165
2019,1,4,0.017
2019,1,5,0.0176
2019,1,6,0.0184
2019,1,7,0.0192
2019,1,8,0.02
2019,1,9,0.0207
2019,1,10,0.0214
2019,1,11,0.022
2019,1,12,0.0226
2019,1,13,0.0231
2019,1,14,0.0236
2019,1,15,0.024
2019,1,16,0.0243
2019,1,17,0.0246
2019,1,18,0.0249
2019,1,19,0.0252
2019,1,20,0.0254
2019,1,21,0.0256
2019,1,22,0.0258
2019,1,23,0.0259
2019,1,24,0.026
2019,1,25,0.0262
2019,2,1,0.0136
2019,2,2,0.0152
2019,2,3,0.0157
2019,2,4,0.0161
2019,2,5,0.0167
2019,2,6,0.0174
2019,2,7,0.0182
2019,2,8,0.019
2019,2,9,0.0197
2019,2,10,0.0203
2019,2,11,0.0209
2019,2,12,0.0215
2019,2,13,0.022
2019,2,14,0.0224
2019,2,15,0.0228
2019,2,16,0.0232
2019,2,17,0.0235
2019,2,18,0.0238
2019,2,19,0.024
2019,2,20,0.0242
2019,2,21,0.0244
2019,2,22,0.0246
2019,2,23,0.0247
2019,2,24,0.0248
2019,2,25,0.025
2019,3,1,0.0122
2019,3,2,0.0139
2019,3,3,0.0145
2019,3,4,0.0149
2019,3,5,0.0156
2019,3,6,0.0163
2019,3,7,0.0171
2019,3,8,0.0178
2019,3,9,0.0185
2019,3,10,0.0192
2019,3,11,0.0198
2019,3,12,0.0203
2019,3,13,0.0208
2019,3,14,0.0212
2019,3,15,0.0216
2019,3,16,0.022
2019,3,17,0.0223
2019,3,18,0.0225
2019,3,19,0.0228
2019,3,20,0.023
2019,3,21,0.0232
2019,3,22,0.0234
2019,3,23,0.0235
2019,3,24,0.0236
2019,3,25,0.0238
2019,4,1,0.01
2019,4,2,0.0119
2019,4,3,0.0125
2019,4,4,0.013
2019,4,5,0.0137
2019,4,6,0.0145
2019,4,7,0.0153
2019,4,8,0.0161
2019,4,9,0.0168
2019,4,10,0.0175
2019,4,11,0.0181
2019,4,12,0.0186
2019,4,13,0.0191
2019,4,14,0.0195
2019,4,15,0.0199
2019,4,16,0.0203
2019,4,17,0.0206
2019,4,18,0.0208
2019,4,19,0.0211
2019,4,20,0.0213
2019,4,21,0.0215
2019,4,22,0.0217
2019,4,23,0.0218
2019,4,24,0.022
2019,4,25,0.0221
2019,5,1,0.0083
2019,5,2,0.0103
2019,5,3,0.0111
2019,5,4,0.0118
2019,5,5,0.0125
2019,5,6,0.0134
2019,5,7,0.0142
2019,5,8,0.015
2019,5,9,0.0157
2019,5,10,0.0164
2019,5,11,0.017
2019,5,12,0.0175
2019,5,13,0.018
2019,5,14,0.0184
2019,5,15,0.0188
2019,5,16,0.0192
2019,5,17,0.0195
2019,5,18,0.0197
2019,5,19,0.02
2019,5,20,0.0202
2019,5,21,0.0204
2019,5,22,0.0206
2019,5,23,0.0207
2019,5,24,0.0209
2019,5,25,0.021
2019,6,1,0.0063
2019,6,2,0.0079
2019,6,3,0.0087
2019,6,4,0.0094
2019,6,5,0.0101
2019,6,6,0.0109
2019,6,7,0.0118
2019,6,8,0.0126
2019,6,9,0.0134
2019,6,10,0.0141
2019,6,11,0.0147
2019,6,12,0.0152
2019,6,13,0.0158
2019,6,14,0.0162
2019,6,15,0.0166
2019,6,16,0.017
2019,6,17,0.0173
2019,6,18,0.0176
2019,6,19,0.0179
2019,6,20,0.0181
2019,6,21,0.0183
2019,6,22,0.0185
2019,6,23,0.0187
2019,6,24,0.0188
2019,6,25,0.019
2019,7,1,0.0056
2019,7,2,0.0062
2019,7,3,0.0069
2019,7,4,0.0075
2019,7,5,0.0082
2019,7,6,0.009
2019,7,7,0.0099
2019,7,8,0.0107
2019,7,9,0.0114
2019,7,10,0.0121
2019,7,11,0.0127
2019,7,12,0.0133
2019,7,13,0.0138
2019,7,14,0.0142
2019,7,15,0.0146
2019,7,16,0.015
2019,7,17,0.0153
2019,7,18,0.0156
2019,7,19,0.0159
2019,7,20,0.0161
2019,7,21,0.0164
2019,7,22,0.0166
2019,7,23,0.0167
2019,7,24,0.0169
2019,7,25,0.0171
2019,8,1,0.0034
2019,8,2,0.0032
2019,8,3,0.0035
2019,8,4,0.0039
2019,8,5,0.0045
2019,8,6,0.0053
2019,8,7,0.0061
2019,8,8,0.0069
2019,8,9,0.0077
2019,8,10,0.0084
2019,8,11,0.009
2019,8,12,0.0096
2019,8,13,0.0101
2019,8,14,0.0106
2019,8,15,0.011
2019,8,16,0.0114
2019,8,17,0.0117
2019,8,18,0.012
2019,8,19,0.0123
2019,8,20,0.0126
2019,8,21,0.0128
2019,8,22,0.0131
2019,8,23,0.0133
2019,8,24,0.0134
2019,8,25,0.0136
2019,9,1,0.001
2019,9,2,0.001
2019,9,3,0.0013
2019,9,4,0.0018
2019,9,5,0.0025
2019,9,6,0.0033
2019,9,7,0.0042
2019,9,8,0.005
2019,9,9,0.0057
2019,9,10,0.0064
2019,9,11,0.007
2019,9,12,0.0075
2019,9,13,0.008
2019,9,14,0.0085
2019,9,15,0.0089
2019,9,16,0.0092
2019,9,17,0.0096
2019,9,18,0.0099
2019,9,19,0.0101
2019,9,20,0.0104
2019,9,21,0.0106
2019,9,22,0.0108
2019,9,23,0.011
2019,9,24,0.0112
2019,9,25,0.0114
2019,10,1,-0.0023
2019,10,2,-0.002
2019,10,3,-0.0011
2019,10,4,0.0
2019,10,5,0.0011
2019,10,6,0.0022
2019,10,7,0.0031
2019,10,8,0.004
2019,10,9,0.0048
2019,10,10,0.0055
2019,10,11,0.0061
2019,10,12,0.0066
2019,10,13,0.0071
2019,10,14,0.0075
2019,10,15,0.0079
2019,10,16,0.0082
2019,10,17,0.0085
2019,10,18,0.0088
2019,10,19,0.0091
2019,10,20,0.0093
2019,10,21,0.0095
2019,10,22,0.0097
2019,10,23,0.0099
2019,10,24,0.0101
2019,10,25,0.0102
2019,11,1,-0.0025
2019,11,2,-0.0005
2019,11,3,0.0015
2019,11,4,0.0033
2019,11,5,0.0048
2019,11,6,0.0061
2019,11,7,0.0071
2019,11,8,0.0081
2019,11,9,0.0089
2019,11,10,0.0096
2019,11,11,0.0102
2019,11,12,0.0107
2019,11,13,0.0112
2019,11,14,0.0116
2019,11,15,0.012
2019,11,16,0.0123
2019,11,17,0.0126
2019,11,18,0.0129
2019,11,19,0.0131
2019,11,20,0.0133
2019,11,21,0.0135
2019,11,22,0.0137
2019,11,23,0.01385
2019,11,24,0.014
2019,11,25,0.0142
2019,12,1,0.0002
2019,12,2,0.0024
2019,12,3,0.0044
2019,12,4,0.0062
2019,12,5,0.0077
2019,12,6,0.0091
2019,12,7,0.0102
2019,12,8,0.0112
2019,12,9,0.012
2019,12,10,0.0128
2019,12,11,0.0134
2019,12,12,0.014
2019,12,13,0.0145
2019,12,14,0.015
2019,12,15,0.0154
2019,12,16,0.0158
2019,12,17,0.0161
2019,12,18,0.0164
2019,12,19,0.0167
2019,12,20,0.017
2019,12,21,0.0172
2019,12,22,0.0174
2019,12,23,0.0176
2019,12,24,0.0178
2019,12,25,0.0179
2020,1,1,0.0019
2020,1,2,0.004
2020,1,3,0.0056
2020,1,4,0.00682
2020,1,5,0.00804
2020,1,6,0.00926
2020,1,7,0.01048
2020,1,8,0.0117
2020,1,9,0.012475
2020,1,10,0.01325
2020,1,11,0.014025
2020,1,12,0.0148
2020,1,13,0.0154
2020,1,14,0.0159
2020,1,15,0.0164
2020,1,16,0.0168
2020,1,17,0.0172
2020,1,18,0.0176
2020,1,19,0.0179
2020,1,20,0.0182
2020,1,21,0.0184
2020,1,22,0.0187
2020,1,23,0.0189
2020,1,24,0.0191
2020,1,25,0.0192
2020,2,1,0.0022
2020,2,2,0.0022
2020,2,3,0.0035
2020,2,4,0.0051
2020,2,5,0.0066
2020,2,6,0.008
2020,2,7,0.0092
2020,2,8,0.0102
2020,2,9,0.0112
2020,2,10,0.012
2020,2,11,0.0128
2020,2,12,0.0135
2020,2,13,0.0141
2020,2,14,0.0146
2020,2,15,0.0151
2020,2,16,0.0155
2020,2,17,0.0159
2020,2,18,0.0163
2020,2,19,0.0166
2020,2,20,0.0169
2020,2,21,0.0172
2020,2,22,0.0174
2020,2,23,0.0176
2020,2,24,0.0178
2020,2,25,0.018
2020,3,1,-0.0013
2020,3,2,0.0008
2020,3,3,0.0033
2020,3,4,0.0055
2020,3,5,0.0075
2020,3,6,0.009
2020,3,7,0.0103
2020,3,8,0.0114
2020,3,9,0.0124
2020,3,10,0.0132
2020,3,11,0.0139
2020,3,12,0.0145
2020,3,13,0.015
2020,3,14,0.0155
2020,3,15,0.016
2020,3,16,0.0163
2020,3,17,0.0167
2020,3,18,0.017
2020,3,19,0.0173
2020,3,20,0.0175
2020,3,21,0.0178
2020,3,22,0.018
2020,3,23,0.0182
2020,3,24,0.0183
2020,3,25,0.0185
2020,4,1,-0.0026
2020,4,2,-0.0007
2020,4,3,0.0028
2020,4,4,0.006
2020,4,5,0.0085
2020,4,6,0.0105
2020,4,7,0.012
2020,4,8,0.0132
2020,4,9,0.0142
2020,4,10,0.0151
2020,4,11,0.0157
2020,4,12,0.0163
2020,4,13,0.0169
2020,4,14,0.0173
2020,4,15,0.0177
2020,4,16,0.018
2020,4,17,0.0183
2020,4,18,0.0186
2020,4,19,0.0189
2020,4,20,0.0191
2020,4,21,0.0193
2020,4,22,0.0194
2020,4,23,0.0196
2020,4,24,0.0197
2020,4,25,0.0199
2020,5,1,-0.0032
2020,5,2,-0.002
2020,5,3,0.0014
2020,5,4,0.0046
2020,5,5,0.007
2020,5,6,0.0089
2020,5,7,0.0103
2020,5,8,0.0115
2020,5,9,0.0124
2020,5,10,0.0132
2020,5,11,0.0139
2020,5,12,0.0144
2020,5,13,0.0149
2020,5,14,0.0153
2020,5,15,0.0157
2020,5,16,0.016
2020,5,17,0.0163
2020,5,18,0.0165
2020,5,19,0.0168
2020,5,20,0.017
2020,5,21,0.0171
2020,5,22,0.0173
2020,5,23,0.0175
2020,5,24,0.0176
2020,5,25,0.0177
2020,6,1,-0.0047
2020,6,2,-0.0051
2020,6,3,-0.0021
2020,6,4,0.0008
2020,6,5,0.0031
2020,6,6,0.0048
2020,6,7,0.0062
2020,6,8,0.0074
2020,6,9,0.0083
2020,6,10,0.0091
2020,6,11,0.0097
2020,6,12,0.0103
2020,6,13,0.0108
2020,6,14,0.0112
2020,6,15,0.0116
2020,6,16,0.012
2020,6,17,0.0123
2020,6,18,0.0125
2020,6,19,0.0128
2020,6,20,0.013
2020,6,21,0.0132
2020,6,22,0.0134
2020,6,23,0.0136
2020,6,24,0.0137
2020,6,25,0.0139
2020,7,1,-0.0058
2020,7,2,-0.006
2020,7,3,-0.0035
2020,7,4,-0.0013
2020,7,5,0.0005
2020,7,6,0.0019
2020,7,7,0.0031
2020,7,8,0.0041
2020,7,9,0.005
2020,7,10,0.0057
2020,7,11,0.0063
2020,7,12,0.0069
2020,7,13,0.0074
2020,7,14,0.0079
2020,7,15,0.0083
2020,7,16,0.0087
2020,7,17,0.0091
2020,7,18,0.0094
2020,7,19,0.0097
2020,7,20,0.0099
2020,7,21,0.0102
2020,7,22,0.0104
2020,7,23,0.0106
2020,7,24,0.0108
2020,7,25,0.011
2020,8,1,-0.0076
2020,8,2,-0.0075
2020,8,3,-0.005
2020,8,4,-0.0027
2020,8,5,-0.0008
2020,8,6,0.0008
2020,8,7,0.0021
2020,8,8,0.0033
2020,8,9,0.0042
2020,8,10,0.005
2020,8,11,0.0058
2020,8,12,0.0064
2020,8,13,0.007
2020,8,14,0.0075
2020,8,15,0.0079
2020,8,16,0.0084
2020,8,17,0.0088
2020,8,18,0.0091
2020,8,19,0.0094
2020,8,20,0.0097
2020,8,21,0.01
2020,8,22,0.0102
2020,8,23,0.0105
2020,8,24,0.0107
2020,8,25,0.0109
